system,precision,recall,f1,false_positive_rate,auroc
Ensemble AI,0.9971830985915493,0.9888268156424581,0.9929873772791024,8.235875473562839e-05,0.9976500148613843
Rule Baseline,0.9368029739776952,0.7039106145251397,0.8038277511961722,0.0014000988305056827,
