system,precision,recall,f1,false_positive_rate,auroc
Ensemble AI,0.9971988795518207,0.994413407821229,0.9958041958041958,8.235875473562839e-05,0.9980601982683497
Rule Baseline,0.9368029739776952,0.7039106145251397,0.8038277511961722,0.0014000988305056827,
